,Id,Name,RatingDist1,pagesNumber,RatingDist4,RatingDistTotal,PublishMonth,PublishDay,Publisher_x,CountsOfReview,PublishYear,Language,Authors,Rating,RatingDist2,RatingDist5,ISBN,RatingDist3,Description,Count of text reviews,PagesNumber,Book-Title,Book-Author,Year-Of-Publication,Publisher_y,Image-URL-S,Image-URL-M,Image-URL-L,Genre,Genre_user_amount
0,2,"Harry Potter and the Order of the Phoenix (Harry Potter, #5)",1:12455,870,4:604283,total:2358637,1,9,Scholastic Inc.,29770,2004,eng,J.K. Rowling,4.5,2:37005,5:1493113,0439358078,3:211781,,,,Harry Potter and the Order of the Phoenix (Book 5),J. K. Rowling,2004,Scholastic Paperbacks,http://images.amazon.com/images/P/0439358078.01.THUMBZZZ.jpg,http://images.amazon.com/images/P/0439358078.01.MZZZZZZZ.jpg,http://images.amazon.com/images/P/0439358078.01.LZZZZZZZ.jpg,Fantasy|Young Adult|Fiction|Fantasy|Magic|Childrens|Adventure|Audiobook|Childrens|Middle Grade|,"53,444|16,459|15,013|4,160|3,034|2,211|2,067|2,019|1,512|1,335|"
1,4,"Harry Potter and the Chamber of Secrets (Harry Potter, #2)",1:11896,352,4:706082,total:2560657,1,11,Scholastic,244,2003,eng,J.K. Rowling,4.42,2:49353,5:1504505,0439554896,3:288821,,,,Harry Potter and the Chamber of Secrets (Harry Potter),J. K. Rowling,2003,Arthur A. Levine Books,http://images.amazon.com/images/P/0439554896.01.THUMBZZZ.jpg,http://images.amazon.com/images/P/0439554896.01.MZZZZZZZ.jpg,http://images.amazon.com/images/P/0439554896.01.LZZZZZZZ.jpg,Fantasy|Fiction|Young Adult|Fantasy|Magic|Childrens|Childrens|Middle Grade|Audiobook|Adventure|,"57,961|16,754|16,407|4,584|3,892|3,094|2,521|2,493|1,835|1,395|"
2,5,"Harry Potter and the Prisoner of Azkaban (Harry Potter, #3)",1:10128,435,4:630534,total:2610317,1,5,Scholastic Inc.,37093,2004,eng,J.K. Rowling,4.57,2:24849,5:1749958,043965548X,3:194848,,,,Harry Potter and the Prisoner of Azkaban (Harry Potter),J.K. Rowling,2004,Scholastic Paperbacks,http://images.amazon.com/images/P/043965548X.01.THUMBZZZ.jpg,http://images.amazon.com/images/P/043965548X.01.MZZZZZZZ.jpg,http://images.amazon.com/images/P/043965548X.01.LZZZZZZZ.jpg,Fantasy|Young Adult|Fiction|Fantasy|Magic|Childrens|Childrens|Middle Grade|Adventure|Audiobook|,"57,541|16,610|16,472|4,540|3,784|2,889|2,511|2,349|1,786|1,384|"
3,13,"The Ultimate Hitchhiker's Guide to the Galaxy (Hitchhiker's Guide to the Galaxy, #1-5)",1:3443,815,4:75683,total:274268,30,4,Del Rey Books,4119,2002,eng,Douglas Adams,4.37,2:7613,5:157499,0345453743,3:30030,,,,The Ultimate Hitchhiker's Guide to the Galaxy,DOUGLAS ADAMS,2002,Del Rey,http://images.amazon.com/images/P/0345453743.01.THUMBZZZ.jpg,http://images.amazon.com/images/P/0345453743.01.MZZZZZZZ.jpg,http://images.amazon.com/images/P/0345453743.01.LZZZZZZZ.jpg,Science Fiction|Fiction|Humor|Fantasy|Classics|Humor|Comedy|Science Fiction Fantasy|Novels|Adventure|,"3,415|2,789|1,477|1,157|817|474|416|181|179|106|"
4,18,"The Ultimate Hitchhiker's Guide (Hitchhiker's Guide to the Galaxy, #1-5)",1:3443,815,4:75683,total:274268,17,1,Wings Books,194,1996,eng,Douglas Adams,4.37,2:7613,5:157499,0517149257,3:30030,,,,The Ultimate Hitchhiker's Guide,Douglas Adams,1996,Random House Value Publishing,http://images.amazon.com/images/P/0517149257.01.THUMBZZZ.jpg,http://images.amazon.com/images/P/0517149257.01.MZZZZZZZ.jpg,http://images.amazon.com/images/P/0517149257.01.LZZZZZZZ.jpg,Science Fiction|Fiction|Humor|Fantasy|Classics|Humor|Comedy|Science Fiction Fantasy|Novels|Adventure|,"3,415|2,789|1,477|1,157|817|474|416|181|179|106|"
6,22,Bill Bryson's African Diary,1:249,55,4:2409,total:8393,3,12,Broadway Books,503,2002,eng,Bill Bryson,3.45,2:985,5:1408,0767915062,3:3342,,,,Bill Bryson's African Diary,BILL BRYSON,2002,Broadway,http://images.amazon.com/images/P/0767915062.01.THUMBZZZ.jpg,http://images.amazon.com/images/P/0767915062.01.MZZZZZZZ.jpg,http://images.amazon.com/images/P/0767915062.01.LZZZZZZZ.jpg,Travel|Nonfiction|Cultural|Africa|Autobiography|Memoir|Humor|Biography|Eastern Africa|Kenya|,491|341|164|50|47|21|20|17|15|14|
7,24,In a Sunburned Country,1:987,335,4:34941,total:85287,15,5,Broadway Books,4298,2001,eng,Bill Bryson,4.07,2:2900,5:30483,0767903862,3:15976,,,,In a Sunburned Country,Bill Bryson,2001,Broadway Books,http://images.amazon.com/images/P/0767903862.01.THUMBZZZ.jpg,http://images.amazon.com/images/P/0767903862.01.MZZZZZZZ.jpg,http://images.amazon.com/images/P/0767903862.01.LZZZZZZZ.jpg,Travel|Nonfiction|Humor|Cultural|Australia|Autobiography|Memoir|Audiobook|History|Adventure|,"3,121|2,660|722|591|362|216|183|129|99|82|"
8,25,I'm a Stranger Here Myself: Notes on Returning to America After Twenty Years Away,1:741,304,4:22652,total:56082,28,6,Broadway Books,2224,2000,eng,Bill Bryson,3.9,2:2709,5:15891,076790382X,3:14089,,,,I'm a Stranger Here Myself: Notes on Returning to America After 20 Years Away,Bill Bryson,2000,Broadway Books,http://images.amazon.com/images/P/076790382X.01.THUMBZZZ.jpg,http://images.amazon.com/images/P/076790382X.01.MZZZZZZZ.jpg,http://images.amazon.com/images/P/076790382X.01.LZZZZZZZ.jpg,Nonfiction|Travel|Humor|Autobiography|Memoir|Writing|Essays|Biography|Audiobook|Literature|,"1,718|1,381|696|394|204|151|107|80|69|64|"
9,26,The Lost Continent: Travels in Small Town America,1:1373,299,4:18427,total:49012,28,8,William Morrow Paperbacks,2276,1990,eng,Bill Bryson,3.83,2:3219,5:14013,0060920084,3:11980,,,,The Lost Continent: Travels in Small-Town America,Bill Bryson,1990,Perennial,http://images.amazon.com/images/P/0060920084.01.THUMBZZZ.jpg,http://images.amazon.com/images/P/0060920084.01.MZZZZZZZ.jpg,http://images.amazon.com/images/P/0060920084.01.LZZZZZZZ.jpg,Travel|Nonfiction|Humor|Autobiography|Memoir|Audiobook|Literature|American|Biography|The United States Of America|,"1,884|1,429|445|238|79|77|72|57|48|45|"
10,27,Neither Here nor There: Travels in Europe,1:1172,254,4:20655,total:54388,28,3,William Morrow Paperbacks,2264,1993,eng,Bill Bryson,3.86,2:3305,5:15888,0380713802,3:13368,,,,Neither Here nor There: Travels in Europe,Bill Bryson,1999,Perennial,http://images.amazon.com/images/P/0380713802.01.THUMBZZZ.jpg,http://images.amazon.com/images/P/0380713802.01.MZZZZZZZ.jpg,http://images.amazon.com/images/P/0380713802.01.LZZZZZZZ.jpg,Travel|Nonfiction|Humor|Autobiography|Memoir|Biography|Audiobook|Travel|Travelogue|Adventure|,"2,375|1,484|429|258|80|68|55|48|46|43|"
12,29,The Mother Tongue: English and How It Got That Way,1:490,270,4:13483,total:33416,28,9,William Morrow Paperbacks,2123,1991,eng,Bill Bryson,3.93,2:1691,5:10087,0380715430,3:7665,,,,The Mother Tongue,Bill Bryson,1991,Perennial,http://images.amazon.com/images/P/0380715430.01.THUMBZZZ.jpg,http://images.amazon.com/images/P/0380715430.01.MZZZZZZZ.jpg,http://images.amazon.com/images/P/0380715430.01.LZZZZZZZ.jpg,Nonfiction|History|Humanities|Language|Humanities|Linguistics|Humor|Audiobook|Language|Writing|,"2,294|799|728|285|210|82|75|68|64|56|"
13,34,"The Fellowship of the Ring (The Lord of the Rings, #1)",1:45879,398,4:593379,total:2255826,5,9,Houghton Mifflin Harcourt,13935,2003,eng,J.R.R. Tolkien,4.36,2:65166,5:1314771,0618346252,3:236631,,,,"The Fellowship of the Ring (The Lord of the Rings, Part 1)",J. R. R. Tolkien,2003,Houghton Mifflin Company,http://images.amazon.com/images/P/0618346252.01.THUMBZZZ.jpg,http://images.amazon.com/images/P/0618346252.01.MZZZZZZZ.jpg,http://images.amazon.com/images/P/0618346252.01.LZZZZZZZ.jpg,Fantasy|Classics|Fiction|Adventure|Science Fiction Fantasy|Fantasy|High Fantasy|Fantasy|Epic Fantasy|Audiobook|,"44,456|11,953|11,036|2,130|1,511|1,488|1,327|916|902|848|"
14,38,The Lord of the Rings Box Set,1:5774,1223,4:126639,total:539513,19,9,,19,2001,eng,J.R.R. Tolkien,4.5,2:11142,5:352247,0618153977,3:43711,,,,The Lord of the Rings,J. R. R. Tolkien,2001,Houghton Mifflin Company,http://images.amazon.com/images/P/0618153977.01.THUMBZZZ.jpg,http://images.amazon.com/images/P/0618153977.01.MZZZZZZZ.jpg,http://images.amazon.com/images/P/0618153977.01.LZZZZZZZ.jpg,Classics|Fiction|Adventure|Science Fiction Fantasy|Fantasy|Epic Fantasy|Fantasy|High Fantasy|Literature|Novels|,"5,518|5,409|771|663|483|468|453|426|404|275|"
16,66,"The Changeling (Daughters of England, #15)",1:2,369,4:151,total:439,28,8,Ivy Books,13,1990,eng,Philippa Carr,3.98,2:21,5:152,0449146979,3:113,,,,The Changeling,Philippa Carr,1990,Ivy Books,http://images.amazon.com/images/P/0449146979.01.THUMBZZZ.jpg,http://images.amazon.com/images/P/0449146979.01.MZZZZZZZ.jpg,http://images.amazon.com/images/P/0449146979.01.LZZZZZZZ.jpg,Historical|Historical Fiction|Romance|Fiction|Romance|Historical Romance|Historical|European Literature|British Literature|Gothic|,25|17|11|10|7|4|3|3|3|2|
18,77,The Control of Nature,1:25,288,4:1458,total:3747,1,9,"Farrar, Straus and Giroux",305,1990,en-US,John McPhee,4.24,2:88,5:1671,0374522596,3:505,,,,The Control of Nature,John McPhee,1990,Noonday Press,http://images.amazon.com/images/P/0374522596.01.THUMBZZZ.jpg,http://images.amazon.com/images/P/0374522596.01.MZZZZZZZ.jpg,http://images.amazon.com/images/P/0374522596.01.LZZZZZZZ.jpg,Nonfiction|Science|Environment|Nature|History|Environment|Writing|Essays|Science|Geology|,192|128|87|49|47|40|35|16|12|11|
19,78,Annals of the Former World,1:56,720,4:1003,total:3472,6,1,"Farrar, Straus and Giroux",227,1999,eng,John McPhee,4.34,2:101,5:1933,0374518734,3:379,,,,Annals of the Former World,John McPhee,2000,"Farrar, Straus and Giroux",http://images.amazon.com/images/P/0374518734.01.THUMBZZZ.jpg,http://images.amazon.com/images/P/0374518734.01.MZZZZZZZ.jpg,http://images.amazon.com/images/P/0374518734.01.LZZZZZZZ.jpg,Science|Nonfiction|Science|Geology|History|Environment|Nature|Travel|Science|Natural History|,303|239|117|111|66|41|38|22|13|11|
20,79,Coming Into the Country,1:57,448,4:2291,total:6049,1,4,"Farrar, Straus and Giroux",262,1991,eng,John McPhee,4.22,2:149,5:2672,0374522871,3:880,,,,Coming into the Country,John McPhee,1991,Noonday Press,http://images.amazon.com/images/P/0374522871.01.THUMBZZZ.jpg,http://images.amazon.com/images/P/0374522871.01.MZZZZZZZ.jpg,http://images.amazon.com/images/P/0374522871.01.LZZZZZZZ.jpg,Nonfiction|Travel|Environment|Nature|History|Science|Environment|Adventure|Writing|Essays|,185|147|78|65|38|26|24|21|18|17|
21,83,Rising from the Plains,1:7,208,4:554,total:1418,1,11,"Farrar, Straus and Giroux",99,1987,eng,John McPhee,4.23,2:31,5:616,0374520658,3:210,,,,Rising from the Plains,John McPhee,1987,Noonday Press,http://images.amazon.com/images/P/0374520658.01.THUMBZZZ.jpg,http://images.amazon.com/images/P/0374520658.01.MZZZZZZZ.jpg,http://images.amazon.com/images/P/0374520658.01.LZZZZZZZ.jpg,Nonfiction|Science|Science|Geology|History|Environment|Nature|Travel|Biography|Science|,74|66|56|28|22|12|9|8|7|4|
22,85,The Heidi Chronicles,1:38,81,4:505,total:1513,1,3,Dramatists Play Service,70,2002,eng,Wendy Wasserstein,3.75,2:139,5:421,0822205106,3:410,,,,The Heidi Chronicles.,Wendy Wasserstein,1998,Dramatists Play Service Inc,http://images.amazon.com/images/P/0822205106.01.THUMBZZZ.jpg,http://images.amazon.com/images/P/0822205106.01.MZZZZZZZ.jpg,http://images.amazon.com/images/P/0822205106.01.LZZZZZZZ.jpg,Plays|Drama|Fiction|Plays|Theatre|Feminism|Contemporary|Womens|Classics|Audiobook|,191|51|20|14|9|4|4|4|4|4|
23,86,The Heidi Chronicles: Uncommon Women and Others & Isn't It Romantic,1:84,249,4:908,total:2776,2,7,Vintage,64,1991,eng,Wendy Wasserstein,3.84,2:197,5:894,0679734996,3:693,,,,The Heidi Chronicles and Other Plays,Wendy Wasserstein,1991,Vintage Books USA,http://images.amazon.com/images/P/0679734996.01.THUMBZZZ.jpg,http://images.amazon.com/images/P/0679734996.01.MZZZZZZZ.jpg,http://images.amazon.com/images/P/0679734996.01.LZZZZZZZ.jpg,Plays|Drama|Plays|Theatre|Fiction|Feminism|Humor|Adult|Academic|College|,154|47|23|15|9|5|4|4|3|3|
24,93,"Heidi (Heidi, #1-2)",1:2312,352,4:55474,total:167957,15,11,Kingfisher,2289,2002,eng,Johanna Spyri,3.99,2:8754,5:61857,0753454947,3:39560,,,,Heidi (Kingfisher Classics),Johanna Spyri,2002,Kingfisher,http://images.amazon.com/images/P/0753454947.01.THUMBZZZ.jpg,http://images.amazon.com/images/P/0753454947.01.MZZZZZZZ.jpg,http://images.amazon.com/images/P/0753454947.01.LZZZZZZZ.jpg,Classics|Fiction|Childrens|Young Adult|Historical|Historical Fiction|Childrens|Middle Grade|Historical|Childrens|,"4,488|1,338|1,228|401|348|250|131|101|99|98|"
25,95,"Cinnamon and Roses (Rose Trilogy, #1)",1:3,298,4:22,total:82,1,1,Leisure Books,5,2000,,Heidi Betts,3.83,2:8,5:30,0843946687,3:19,,,,Cinnamon and Roses,Heidi Betts,2000,Leisure Books,http://images.amazon.com/images/P/0843946687.01.THUMBZZZ.jpg,http://images.amazon.com/images/P/0843946687.01.MZZZZZZZ.jpg,http://images.amazon.com/images/P/0843946687.01.LZZZZZZZ.jpg,Romance|Historical Romance|Historical|Romance|,6|4|4|2|
26,98,What to Expect the First Year (What to Expect),1:404,832,4:5458,total:15480,16,10,Workman Publishing Company,663,2003,eng,Heidi Murkoff,3.89,2:877,5:4989,0761129588,3:3752,,,,"What to Expect the First Year, Second Edition",Heidi Murkoff,2003,Workman Publishing,http://images.amazon.com/images/P/0761129588.01.THUMBZZZ.jpg,http://images.amazon.com/images/P/0761129588.01.MZZZZZZZ.jpg,http://images.amazon.com/images/P/0761129588.01.LZZZZZZZ.jpg,Parenting|Nonfiction|Reference|Self Help|Health|Family|Childrens|Adult|Education|Unfinished|,802|385|73|67|39|31|15|12|11|10|
28,105,Chapterhouse: Dune (Dune Chronicles #6),1:753,436,4:14899,total:44113,1,7,Ace Books,569,1987,eng,Frank Herbert,3.91,2:2941,5:14828,0441102670,3:10692,,,,"Chapterhouse Dune (Dune Chronicles, Book 6)",Frank Herbert,1996,ACE Charter,http://images.amazon.com/images/P/0441102670.01.THUMBZZZ.jpg,http://images.amazon.com/images/P/0441102670.01.MZZZZZZZ.jpg,http://images.amazon.com/images/P/0441102670.01.LZZZZZZZ.jpg,Science Fiction|Fiction|Fantasy|Science Fiction Fantasy|Classics|Space|Space Opera|Audiobook|Adventure|Space|,"1,993|726|356|170|110|91|47|43|42|39|"
29,106,Dune Messiah (Dune Chronicles #2),1:1271,331,4:47997,total:119887,15,7,Ace Books,2372,1987,eng,Frank Herbert,3.88,2:6672,5:33606,0441172695,3:30341,,,,"Dune Messiah (Dune Chronicles, Book 2)",Frank Herbert,1994,ACE Charter,http://images.amazon.com/images/P/0441172695.01.THUMBZZZ.jpg,http://images.amazon.com/images/P/0441172695.01.MZZZZZZZ.jpg,http://images.amazon.com/images/P/0441172695.01.LZZZZZZZ.jpg,Science Fiction|Fiction|Fantasy|Classics|Science Fiction Fantasy|Space|Space Opera|Audiobook|Novels|Speculative Fiction|,"5,330|2,258|1,250|431|427|242|197|130|96|94|"
30,108,The Secrets of Frank Herbert's Dune,1:0,160,4:10,total:44,31,10,iBooks,0,2000,,James Van Hise,3.52,2:7,5:10,074340730X,3:17,,,,The Secrets Of Frank Herbert'S Dune,James Van Hise,2000,I Books,http://images.amazon.com/images/P/074340730X.01.THUMBZZZ.jpg,http://images.amazon.com/images/P/074340730X.01.MZZZZZZZ.jpg,http://images.amazon.com/images/P/074340730X.01.LZZZZZZZ.jpg,Nonfiction|,6|
31,109,"Heretics of Dune (Dune Chronicles, #5)",1:791,480,4:18351,total:51869,16,4,Putnam,20,1984,eng,Frank Herbert,3.86,2:3445,5:15664,0399128980,3:13618,,,,"Heretics of Dune (Dune Chronicles, Book 5)",Frank Herbert,1984,Putnam Publishing Group,http://images.amazon.com/images/P/0399128980.01.THUMBZZZ.jpg,http://images.amazon.com/images/P/0399128980.01.MZZZZZZZ.jpg,http://images.amazon.com/images/P/0399128980.01.LZZZZZZZ.jpg,Science Fiction|Fiction|Fantasy|Science Fiction Fantasy|Classics|Space|Space Opera|Audiobook|Novels|Space|,"2,260|838|411|194|120|106|56|45|42|37|"
32,117,Heretics of Dune (Dune Chronicles #5),1:791,471,4:18351,total:51869,15,8,Ace Books,642,1987,eng,Frank Herbert,3.86,2:3445,5:15664,0441328008,3:13618,,,,"Heretics of Dune (Dune Chronicles, Book 5)",Frank Herbert,1996,ACE Charter,http://images.amazon.com/images/P/0441328008.01.THUMBZZZ.jpg,http://images.amazon.com/images/P/0441328008.01.MZZZZZZZ.jpg,http://images.amazon.com/images/P/0441328008.01.LZZZZZZZ.jpg,Science Fiction|Fiction|Fantasy|Science Fiction Fantasy|Classics|Space|Space Opera|Audiobook|Novels|Space|,"2,260|838|411|194|120|106|56|45|42|37|"
33,122,"The Power of One (The Power of One, #1)",1:883,544,4:22532,total:74341,29,9,Ballantine Books,4580,1996,eng,Bryce Courtenay,4.35,2:1947,5:40853,034541005X,3:8126,,,,The Power of One,Bryce Courtenay,1992,Ballantine Books,http://images.amazon.com/images/P/034541005X.01.THUMBZZZ.jpg,http://images.amazon.com/images/P/034541005X.01.MZZZZZZZ.jpg,http://images.amazon.com/images/P/034541005X.01.LZZZZZZZ.jpg,Fiction|Historical|Historical Fiction|Cultural|Africa|Classics|Southern Africa|South Africa|Young Adult|Coming Of Age|,"1,652|743|353|190|139|121|95|90|71|62|"
34,142,Ruby Ann's Down Home Trailer Park Cookbook,1:2,240,4:16,total:51,3,5,Citadel,5,2005,eng,Ruby Ann Boxcar,4.12,2:1,5:23,0806523492,3:9,,,,Ruby Ann's Down Home Trailer Park Cookbook,Ruby Ann Boxcar,2002,Citadel Press,http://images.amazon.com/images/P/0806523492.01.THUMBZZZ.jpg,http://images.amazon.com/images/P/0806523492.01.MZZZZZZZ.jpg,http://images.amazon.com/images/P/0806523492.01.LZZZZZZZ.jpg,Food and Drink|Cookbooks|,2|2|
36,151,Anna Karenina,1:16361,838,4:207053,total:631550,31,5,Penguin Classics,1873,2004,eng,Leo Tolstoy,4.05,2:34470,5:261170,0143035002,3:112496,,,,Anna Karenina (Oprah's Book Club),Leo Tolstoy,2004,Penguin Books,http://images.amazon.com/images/P/0143035002.01.THUMBZZZ.jpg,http://images.amazon.com/images/P/0143035002.01.MZZZZZZZ.jpg,http://images.amazon.com/images/P/0143035002.01.LZZZZZZZ.jpg,Classics|Fiction|Romance|Cultural|Russia|Historical|Historical Fiction|Literature|Russian Literature|Literature|,"22,475|8,204|2,081|1,985|1,799|1,647|1,577|883|701|640|"
37,162,Untouchable,1:78,160,4:1575,total:3967,3,7,Penguin Books,286,1990,eng,Mulk Raj Anand,3.72,2:299,5:859,0140183957,3:1156,,,,Untouchable (Twentieth Century Classics S.),Mulk Raj Anand,1990,Penguin Books,http://images.amazon.com/images/P/0140183957.01.THUMBZZZ.jpg,http://images.amazon.com/images/P/0140183957.01.MZZZZZZZ.jpg,http://images.amazon.com/images/P/0140183957.01.LZZZZZZZ.jpg,Fiction|Cultural|India|Classics|Historical|Historical Fiction|Asian Literature|Indian Literature|Cultural|Asia|,180|179|97|53|47|27|17|14|13|13|
38,163,The Untouchable,1:50,368,4:1104,total:2686,30,6,Vintage Books,218,1998,eng,John Banville,3.95,2:144,5:843,0679767479,3:545,,,,The Untouchable,John Banville,1998,Vintage Books USA,http://images.amazon.com/images/P/0679767479.01.THUMBZZZ.jpg,http://images.amazon.com/images/P/0679767479.01.MZZZZZZZ.jpg,http://images.amazon.com/images/P/0679767479.01.LZZZZZZZ.jpg,Fiction|Historical|Historical Fiction|Cultural|Ireland|Spy Thriller|Espionage|Novels|European Literature|Irish Literature|,196|79|38|32|28|26|20|17|17|16|
39,180,Wrinkles in Time,1:19,360,4:377,total:1161,1,10,Harper Perennial,23,1994,eng,George Smoot,4.01,2:67,5:452,0380720442,3:246,,,,Wrinkles in Time  Co,G Smoot,1994,Perennial Currents,http://images.amazon.com/images/P/0380720442.01.THUMBZZZ.jpg,http://images.amazon.com/images/P/0380720442.01.MZZZZZZZ.jpg,http://images.amazon.com/images/P/0380720442.01.LZZZZZZZ.jpg,Science|Science|Physics|Nonfiction|Science|Astronomy|History|Biography|Science|,88|28|25|12|6|3|3|2|2|
40,204,"The Long Shadow (The Morland Dynasty, #6)",1:3,367,4:165,total:455,1,6,"Little, Brown Book Group",17,1994,eng,Cynthia Harrod-Eagles,4.11,2:15,5:181,0751506435,3:91,,,,The Long Shadow (The Morland Dynasty Series),Cynthia Harrod-Eagles,2001,Warner Books,http://images.amazon.com/images/P/0751506435.01.THUMBZZZ.jpg,http://images.amazon.com/images/P/0751506435.01.MZZZZZZZ.jpg,http://images.amazon.com/images/P/0751506435.01.LZZZZZZZ.jpg,Historical|Historical Fiction|Historical|Fiction|European Literature|British Literature|Romance|Historical|,43|16|7|4|4|2|2|2|
41,229,"Sideswipe (Hoke Moseley, #3)",1:7,279,4:406,total:931,12,6,Ballantine Books,3,1988,,Charles Willeford,4.04,2:40,5:307,0345349474,3:171,,,,Sideswipe,Charles Willeford,1990,Ballantine Books,http://images.amazon.com/images/P/0345349474.01.THUMBZZZ.jpg,http://images.amazon.com/images/P/0345349474.01.MZZZZZZZ.jpg,http://images.amazon.com/images/P/0345349474.01.LZZZZZZZ.jpg,Mystery|Crime|Fiction|Mystery|Noir|Mystery|Mystery|Hard Boiled|Mystery|Detective|,26|21|13|10|4|4|4|3|3|2|
42,245,Henry Miller on Writing,1:8,217,4:348,total:1019,1,2,New Directions Publishing,52,1964,eng,Henry Miller,4.23,2:30,5:474,0811201120,3:159,,,,Henry Miller on Writing (New Directions Paperbook),Henry Miller,1964,New Directions Publishing Corporation,http://images.amazon.com/images/P/0811201120.01.THUMBZZZ.jpg,http://images.amazon.com/images/P/0811201120.01.MZZZZZZZ.jpg,http://images.amazon.com/images/P/0811201120.01.LZZZZZZZ.jpg,Language|Writing|Nonfiction|Biography|Writing|Essays|Literature|Literature|American|Philosophy|,109|45|9|8|7|5|4|3|2|2|
43,246,The Colossus of Maroussi,1:69,244,4:1128,total:3280,17,1,New Directions,204,1975,,Henry Miller,3.98,2:206,5:1221,0811201090,3:656,,,,Colossus of Maroussi,Henry Miller,1975,New Directions Publishing Corporation,http://images.amazon.com/images/P/0811201090.01.THUMBZZZ.jpg,http://images.amazon.com/images/P/0811201090.01.MZZZZZZZ.jpg,http://images.amazon.com/images/P/0811201090.01.LZZZZZZZ.jpg,Travel|Nonfiction|Cultural|Greece|Autobiography|Memoir|Literature|Classics|Literature|20th Century|,133|67|63|31|28|24|14|13|12|8|
44,247,Quiet Days in Clichy,1:110,154,4:1507,total:4228,13,1,Grove Press,143,1994,eng,Henry Miller,3.69,2:349,5:987,080213016X,3:1275,,,,Quiet Days in Clichy,Henry Miller,1987,Grove Press,http://images.amazon.com/images/P/080213016X.01.THUMBZZZ.jpg,http://images.amazon.com/images/P/080213016X.01.MZZZZZZZ.jpg,http://images.amazon.com/images/P/080213016X.01.LZZZZZZZ.jpg,Fiction|Literature|Classics|Novels|Adult Fiction|Erotica|Literature|American|Literature|20th Century|,80|24|18|17|16|11|9|8|8|4|
46,249,Tropic of Cancer,1:3102,318,4:19730,total:60009,6,1,Grove Press,2405,1994,eng,Henry Miller,3.68,2:5864,5:16602,0802131786,3:14711,,,,Tropic of Cancer,Henry Miller,1987,Grove Press,http://images.amazon.com/images/P/0802131786.01.THUMBZZZ.jpg,http://images.amazon.com/images/P/0802131786.01.MZZZZZZZ.jpg,http://images.amazon.com/images/P/0802131786.01.LZZZZZZZ.jpg,Fiction|Classics|Literature|Novels|Literature|American|Adult Fiction|Erotica|Literature|Banned Books|,"1,666|1,129|268|201|180|145|143|85|84|81|"
58,302,Treasure Island (Great Illustrated Classics),1:37,232,4:1107,total:3433,31,1,Abdo Publishing Company,16,2006,eng,Deidre S. Laiken,4.05,2:149,5:1356,1577658051,3:784,,,,Treasure Island (Great Illustrated Classics),Robert Louis Stevenson,2002,Abdo &amp; Daughters Publishing,http://images.amazon.com/images/P/1577658051.01.THUMBZZZ.jpg,http://images.amazon.com/images/P/1577658051.01.MZZZZZZZ.jpg,http://images.amazon.com/images/P/1577658051.01.LZZZZZZZ.jpg,Classics|Fiction|Adventure|Childrens|Adventure|Pirates|Young Adult|Literature|Historical|Historical Fiction|,37|34|20|11|7|7|6|5|3|3|
72,403,Americana,1:168,377,4:1612,total:4737,6,7,Penguin Books,55,1989,eng,Don DeLillo,3.43,2:602,5:675,0140119485,3:1680,,,,Americana (Contemporary American Fiction),Don DeLillo,1989,Penguin Books,http://images.amazon.com/images/P/0140119485.01.THUMBZZZ.jpg,http://images.amazon.com/images/P/0140119485.01.MZZZZZZZ.jpg,http://images.amazon.com/images/P/0140119485.01.LZZZZZZZ.jpg,Fiction|Novels|Literature|American|Literary Fiction|Literature|20th Century|Contemporary|American|Americana|,228|34|34|20|18|18|16|12|11|10|
90,447,Moon Palace,1:413,320,4:8013,total:20000,1,4,Penguin Books,511,1990,eng,Paul Auster,3.94,2:1090,5:6387,0140115854,3:4097,,,,Moon Palace (Contemporary American Fiction),Paul Auster,1990,Penguin Books,http://images.amazon.com/images/P/0140115854.01.THUMBZZZ.jpg,http://images.amazon.com/images/P/0140115854.01.MZZZZZZZ.jpg,http://images.amazon.com/images/P/0140115854.01.LZZZZZZZ.jpg,Fiction|Literature|American|Contemporary|Novels|Literature|The United States Of America|Classics|Literature|20th Century|,439|75|68|67|54|49|40|31|20|17|
93,455,In the Country of Last Things,1:231,188,4:4436,total:10960,2,5,Penguin Books,52,1988,,Paul Auster,3.87,2:641,5:3108,0140097058,3:2544,,,,In the Country of Last Things (Contemporary American Fiction),Paul Auster,1988,Penguin Books,http://images.amazon.com/images/P/0140097058.01.THUMBZZZ.jpg,http://images.amazon.com/images/P/0140097058.01.MZZZZZZZ.jpg,http://images.amazon.com/images/P/0140097058.01.LZZZZZZZ.jpg,Fiction|Science Fiction|Dystopia|Science Fiction|Literature|American|Apocalyptic|Post Apocalyptic|Novels|Literature|,264|117|85|40|38|37|31|25|21|17|
132,794,London,1:6,400,4:315,total:718,1,3,,0,2002,eng,Lonely Planet,4.03,2:17,5:228,186450353X,3:152,,,,Lonely Planet London (Lonely Planet London),Steve Fallon,2002,Lonely Planet Publications,http://images.amazon.com/images/P/186450353X.01.THUMBZZZ.jpg,http://images.amazon.com/images/P/186450353X.01.MZZZZZZZ.jpg,http://images.amazon.com/images/P/186450353X.01.LZZZZZZZ.jpg,Travel|Nonfiction|Reference|European Literature|British Literature|History|,115|34|24|8|3|2|
174,1309,"Memory of Fire (The World Gates, #1)",1:17,384,4:199,total:528,30,4,Harper Voyager,29,2002,,Holly Lisle,3.65,2:42,5:110,038081837X,3:160,,,,"Memory of Fire (The World Gates, Book 1)",Holly Lisle,2002,Eos,http://images.amazon.com/images/P/038081837X.01.THUMBZZZ.jpg,http://images.amazon.com/images/P/038081837X.01.MZZZZZZZ.jpg,http://images.amazon.com/images/P/038081837X.01.LZZZZZZZ.jpg,Fantasy|Fantasy|Urban Fantasy|Fantasy|Magic|Fiction|Science Fiction Fantasy|Fantasy|High Fantasy|Fantasy|,103|11|9|6|5|5|4|4|3|3|
182,1388,Odyssey,1:33152,478,4:263660,total:829841,1,3,"Hackett Publishing Company, Inc.",94,2000,,Homer,3.76,2:72411,5:253694,0872204847,3:206924,,,,Odyssey,Homer,2000,Hackett Publishing Company,http://images.amazon.com/images/P/0872204847.01.THUMBZZZ.jpg,http://images.amazon.com/images/P/0872204847.01.MZZZZZZZ.jpg,http://images.amazon.com/images/P/0872204847.01.LZZZZZZZ.jpg,Classics|Fiction|Poetry|Fantasy|Mythology|Fantasy|Academic|School|Literature|Adventure|,"22,106|6,008|5,485|3,446|2,074|1,812|1,612|900|808|729|"
223,1668,The Tunnel,1:572,232,4:15618,total:41503,13,9,Ballantine Books,1,1991,,Ernesto Sabato,4.05,2:1979,5:15474,0345373774,3:7860,,,,The Tunnel/El Tunel,Ernesto Sabato,1991,Ballantine Books,http://images.amazon.com/images/P/0345373774.01.THUMBZZZ.jpg,http://images.amazon.com/images/P/0345373774.01.MZZZZZZZ.jpg,http://images.amazon.com/images/P/0345373774.01.LZZZZZZZ.jpg,Fiction|Classics|European Literature|Spanish Literature|Literature|Novels|Cultural|Latin American|Literature|Latin American Literature|,495|325|211|114|105|96|59|54|48|44|
236,1880,Intimate Matters: A History of Sexuality in America,1:26,466,4:336,total:903,28,2,University of Chicago Press,29,1998,,John D'Emilio,4.04,2:36,5:347,0226142647,3:158,,,,Intimate Matters: A History of Sexuality in America,John D'Emilio,1997,University of Chicago Press,http://images.amazon.com/images/P/0226142647.01.THUMBZZZ.jpg,http://images.amazon.com/images/P/0226142647.01.MZZZZZZZ.jpg,http://images.amazon.com/images/P/0226142647.01.LZZZZZZZ.jpg,History|Sexuality|Nonfiction|North American Hi...|American History|Feminism|LGBT|Queer|Sociology|LGBT|,146|58|52|20|18|17|13|11|10|8|
276,2102,Stephen Hawking's Universe,1:4,160,4:271,total:723,1,6,Avon,31,1989,eng,John Boslough,4.02,2:45,5:260,0380707632,3:143,,,,Stephen Hawking's Universe,John Boslough,1989,Avon,http://images.amazon.com/images/P/0380707632.01.THUMBZZZ.jpg,http://images.amazon.com/images/P/0380707632.01.MZZZZZZZ.jpg,http://images.amazon.com/images/P/0380707632.01.LZZZZZZZ.jpg,Science|Nonfiction|Science|Physics|Biography|Science|Astronomy|Reference|Science|Popular Science|,50|26|18|16|6|5|3|3|2|2|
288,2185,The Dictionary of Accepted Ideas,1:10,92,4:330,total:897,17,1,New Directions,35,1968,,Gustave Flaubert,3.87,2:60,5:263,081120054X,3:234,,,,Dictionary of Accepted Ideas,Gustave Flaubert,1968,New Directions Publishing Corporation,http://images.amazon.com/images/P/081120054X.01.THUMBZZZ.jpg,http://images.amazon.com/images/P/081120054X.01.MZZZZZZZ.jpg,http://images.amazon.com/images/P/081120054X.01.LZZZZZZZ.jpg,Nonfiction|Cultural|France|Classics|Humor|European Literature|French Literature|Literature|Philosophy|Literature|,24|24|21|16|14|10|8|6|4|3|
305,2282,Breakfast at Tiffany's: A Short Novel and Three Stories,1:2634,162,4:80341,total:204354,13,1,Modern Library,702,1994,eng,Truman Capote,3.89,2:11017,5:58616,067960085X,3:51746,,,,Breakfast at Tiffany's: A Short Novel and Three Stories (Modern Library (Hardcover)),Truman Capote,1994,Modern Library,http://images.amazon.com/images/P/067960085X.01.THUMBZZZ.jpg,http://images.amazon.com/images/P/067960085X.01.MZZZZZZZ.jpg,http://images.amazon.com/images/P/067960085X.01.LZZZZZZZ.jpg,Classics|Fiction|Short Stories|Romance|Literature|Literature|American|Novels|Audiobook|New York|,"4,080|2,689|750|291|274|241|195|168|157|152|"
308,2296,"Emergence: The Connected Lives of Ants, Brains, Cities, and Software",1:37,288,4:1265,total:3144,10,9,Scribner,200,2002,en-US,Steven Johnson,3.96,2:145,5:985,0684868768,3:712,,,,"Emergence: The Connected Lives of Ants, Brains, Cities, and Software",Steven Johnson,2002,Scribner,http://images.amazon.com/images/P/0684868768.01.THUMBZZZ.jpg,http://images.amazon.com/images/P/0684868768.01.MZZZZZZZ.jpg,http://images.amazon.com/images/P/0684868768.01.LZZZZZZZ.jpg,Science|Nonfiction|Science|Technology|Philosophy|Psychology|Business|Science|Biology|Science|,264|191|36|28|26|19|18|16|16|12|
339,2503,A Short History of the World,1:22,320,4:759,total:1802,20,1,Book Tree,0,2000,,H.G. Wells,3.86,2:105,5:471,1585092118,3:445,,,,A Short History of the World,H. G. Wells,2000,Book Tree,http://images.amazon.com/images/P/1585092118.01.THUMBZZZ.jpg,http://images.amazon.com/images/P/1585092118.01.MZZZZZZZ.jpg,http://images.amazon.com/images/P/1585092118.01.LZZZZZZZ.jpg,History|Nonfiction|Classics|Historical|History|World History|Science|European Literature|British Literature|Reference|,272|115|45|17|17|10|7|7|4|3|
408,2932,Robinson Crusoe,1:7772,320,4:81021,total:237505,12,6,Modern Library,4209,2001,eng,Daniel Defoe,3.67,2:21673,5:57809,0375757325,3:69230,,,,Robinson Crusoe (Modern Library Classics),Daniel Defoe,2001,Modern Library,http://images.amazon.com/images/P/0375757325.01.THUMBZZZ.jpg,http://images.amazon.com/images/P/0375757325.01.MZZZZZZZ.jpg,http://images.amazon.com/images/P/0375757325.01.LZZZZZZZ.jpg,Classics|Fiction|Adventure|Literature|Historical|Historical Fiction|Novels|Literature|18th Century|Classics|,"8,843|3,775|1,373|680|453|393|281|271|260|252|"
476,3471,Message in a Bottle,1:4854,370,4:66078,total:211317,1,2,Grand Central Publishing,220,1999,en-GB,Nicholas Sparks,3.96,2:12893,5:79573,0446606812,3:47919,,,,Message in a Bottle,Nicholas Sparks,1999,Warner Vision,http://images.amazon.com/images/P/0446606812.01.THUMBZZZ.jpg,http://images.amazon.com/images/P/0446606812.01.MZZZZZZZ.jpg,http://images.amazon.com/images/P/0446606812.01.LZZZZZZZ.jpg,Romance|Fiction|Womens Fiction|Chick Lit|Contemporary|Adult|Adult Fiction|Romance|Contemporary Romance|Drama|,"2,160|1,022|376|248|168|114|101|88|85|63|"
500,3615,Fences and Windows: Dispatches from the Front Lines of the Globalization Debate,1:15,304,4:409,total:1193,4,10,Picador,42,2002,,Naomi Klein,3.65,2:90,5:245,0312307993,3:434,,,,Fences and Windows: Dispatches from the Front Lines of the Globalization Debate,Naomi Klein,2002,Picador USA,http://images.amazon.com/images/P/0312307993.01.THUMBZZZ.jpg,http://images.amazon.com/images/P/0312307993.01.MZZZZZZZ.jpg,http://images.amazon.com/images/P/0312307993.01.LZZZZZZZ.jpg,Nonfiction|Politics|Economics|Social Issues|Activism|Politics|Political Science|Writing|Essays|Sociology|,101|78|25|11|7|7|7|7|6|6|
513,3673,The Longest Journey (Bantam Classic),1:65,304,4:666,total:1987,3,3,Bantam Classics,1,1997,,E.M. Forster,3.49,2:243,5:336,0553214551,3:677,,,,The Longest Journey (Bantam Classic),E. M. Forster,1997,Bantam,http://images.amazon.com/images/P/0553214551.01.THUMBZZZ.jpg,http://images.amazon.com/images/P/0553214551.01.MZZZZZZZ.jpg,http://images.amazon.com/images/P/0553214551.01.LZZZZZZZ.jpg,Classics|Fiction|Literature|20th Century|European Literature|British Literature|Novels|Literature|Literary Fiction|Historical|,137|129|22|18|17|16|11|8|7|6|
520,3710,The Autograph Man,1:551,347,4:2944,total:11090,17,6,Vintage,581,2003,eng,Zadie Smith,3.16,2:2053,5:976,037570387X,3:4566,,,,The Autograph Man: A Novel (Vintage International (Paperback)),Zadie Smith,2003,Vintage Books USA,http://images.amazon.com/images/P/037570387X.01.THUMBZZZ.jpg,http://images.amazon.com/images/P/037570387X.01.MZZZZZZZ.jpg,http://images.amazon.com/images/P/037570387X.01.LZZZZZZZ.jpg,Fiction|Contemporary|Novels|Literary Fiction|Literature|European Literature|British Literature|Literature|21st Century|Adult|,421|55|51|38|32|25|13|10|10|10|
534,3825,"Death in Holy Orders (Adam Dalgliesh, #11)",1:102,429,4:5286,total:12042,26,3,Fawcett Books,522,2002,eng,P.D. James,3.92,2:449,5:3219,0345446666,3:2986,,,,Death in Holy Orders : An Adam Dalgliesh Mystery,P.D. JAMES,2002,Fawcett,http://images.amazon.com/images/P/0345446666.01.THUMBZZZ.jpg,http://images.amazon.com/images/P/0345446666.01.MZZZZZZZ.jpg,http://images.amazon.com/images/P/0345446666.01.LZZZZZZZ.jpg,Mystery|Fiction|Mystery|Crime|Mystery|Detective|Thriller|Mystery Thriller|European Literature|British Literature|,699|260|138|50|41|40|22|19|13|11|
566,4119,"The Great Good Place: Cafes, Coffee Shops, Bookstores, Bars, Hair Salons, and Other Hangouts at the Heart of a Community",1:14,384,4:229,total:654,18,8,Da Capo Press,78,1999,eng,Ray Oldenburg,3.84,2:46,5:197,1569246815,3:168,,,,"The Great Good Place: Cafes, Coffee Shops, Bookstores, Bars, Hair Salons, and Other Hangouts at the Heart of a Community",Ray Oldenburg,1999,Marlowe &amp; Company,http://images.amazon.com/images/P/1569246815.01.THUMBZZZ.jpg,http://images.amazon.com/images/P/1569246815.01.MZZZZZZZ.jpg,http://images.amazon.com/images/P/1569246815.01.LZZZZZZZ.jpg,Nonfiction|Sociology|Cities|Urban Planning|Geography|Cities|History|Cities|Urbanism|Architecture|,56|31|18|14|13|10|9|8|7|5|
611,4580,Enchantress from the Stars,1:78,304,4:1219,total:3381,24,2,Firebird,231,2003,eng,Sylvia Engdahl,3.95,2:187,5:1166,0142500372,3:731,,,,Enchantress from the Stars,Sylvia Engdahl,2003,Puffin Books,http://images.amazon.com/images/P/0142500372.01.THUMBZZZ.jpg,http://images.amazon.com/images/P/0142500372.01.MZZZZZZZ.jpg,http://images.amazon.com/images/P/0142500372.01.LZZZZZZZ.jpg,Science Fiction|Fantasy|Young Adult|Fiction|Romance|Adventure|Childrens|Science Fiction|Aliens|Classics|,241|235|177|90|31|15|14|14|13|12|
617,4633,Islands in the Stream,1:196,448,4:4777,total:13013,22,7,Scribner,477,2003,eng,Ernest Hemingway,3.88,2:797,5:3912,0743253426,3:3331,,,,Islands in the Stream : A Novel,Ernest Hemingway,2003,Scribner,http://images.amazon.com/images/P/0743253426.01.THUMBZZZ.jpg,http://images.amazon.com/images/P/0743253426.01.MZZZZZZZ.jpg,http://images.amazon.com/images/P/0743253426.01.LZZZZZZZ.jpg,Fiction|Classics|Literature|Literature|American|Novels|Literary Fiction|Adventure|Historical|Historical Fiction|,357|282|63|38|34|15|15|12|11|9|
676,5120,Dream Catcher: A Memoir,1:39,464,4:226,total:789,1,10,Washington Square Press,79,2001,,Margaret A. Salinger,3.37,2:113,5:128,0671042823,3:283,,,,Dream Catcher : A Memoir,Margaret A. Salinger,2001,Washington Square Press,http://images.amazon.com/images/P/0671042823.01.THUMBZZZ.jpg,http://images.amazon.com/images/P/0671042823.01.MZZZZZZZ.jpg,http://images.amazon.com/images/P/0671042823.01.LZZZZZZZ.jpg,Autobiography|Memoir|Nonfiction|Biography|Literature|Biography|Autobiography|Biography Memoir|Family|History|,36|28|26|7|6|6|4|4|4|2|
703,5198,Paradise,1:744,318,4:7760,total:22167,1,4,Plume (Penguin Books Ltd),825,1999,eng,Toni Morrison,3.8,2:1582,5:6554,0452280397,3:5527,,,,Paradise,Toni Morrison,1999,Plume Books,http://images.amazon.com/images/P/0452280397.01.THUMBZZZ.jpg,http://images.amazon.com/images/P/0452280397.01.MZZZZZZZ.jpg,http://images.amazon.com/images/P/0452280397.01.LZZZZZZZ.jpg,Fiction|Classics|Cultural|African American|Historical|Historical Fiction|Literary Fiction|Literature|Novels|Feminism|,834|181|118|99|76|75|68|64|46|45|
722,5289,Complete Works of Oscar Wilde,1:91,1270,4:3857,total:13743,4,8,HarperCollins Publishers,186,2003,eng,Oscar Wilde,4.48,2:174,5:8407,0007144350,3:1214,,,,Collins Complete Works of Oscar Wilde (Collins Classics S.),Oscar Wilde,2003,HarperCollins Publishers,http://images.amazon.com/images/P/0007144350.01.THUMBZZZ.jpg,http://images.amazon.com/images/P/0007144350.01.MZZZZZZZ.jpg,http://images.amazon.com/images/P/0007144350.01.LZZZZZZZ.jpg,Classics|Fiction|Poetry|Plays|Short Stories|Literature|Drama|Literature|19th Century|Humor|,497|265|210|95|81|65|50|23|23|23|
726,5304,De Profundis and Other Writings,1:16,252,4:766,total:2330,26,8,Penguin Books,92,1976,eng,Oscar Wilde,4.21,2:82,5:1085,014043089X,3:381,,,,De Profundis and Other Writings (Penguin Classics),Oscar Wilde,1976,Penguin Books,http://images.amazon.com/images/P/014043089X.01.THUMBZZZ.jpg,http://images.amazon.com/images/P/014043089X.01.MZZZZZZZ.jpg,http://images.amazon.com/images/P/014043089X.01.LZZZZZZZ.jpg,Classics|Nonfiction|Writing|Essays|Poetry|Literature|Autobiography|Memoir|Biography|Philosophy|,94|40|30|17|16|15|13|10|10|9|
738,5364,"Dragonfly in Amber (Outlander, #2)",1:1632,743,4:90660,total:272205,7,8,Bantam,11201,2001,eng,Diana Gabaldon,4.32,2:6184,5:139500,0385335970,3:34229,,,,Dragonfly in Amber,DIANA GABALDON,2001,Delta,http://images.amazon.com/images/P/0385335970.01.THUMBZZZ.jpg,http://images.amazon.com/images/P/0385335970.01.MZZZZZZZ.jpg,http://images.amazon.com/images/P/0385335970.01.LZZZZZZZ.jpg,Historical|Historical Fiction|Romance|Fantasy|Fiction|Science Fiction|Time Travel|Historical|Romance|Historical Romance|,"6,428|3,696|2,967|2,470|1,883|1,689|1,042|545|493|473|"
741,5396,Dragon's Eye,1:0,279,4:8,total:41,1,7,Baen Books,7,1994,en-GB,Christopher Stasheff,3.51,2:7,5:10,0671876090,3:16,,,,DRAGON'S EYE,Christopher Stasheff,1994,Baen,http://images.amazon.com/images/P/0671876090.01.THUMBZZZ.jpg,http://images.amazon.com/images/P/0671876090.01.MZZZZZZZ.jpg,http://images.amazon.com/images/P/0671876090.01.LZZZZZZZ.jpg,Fantasy|Fiction|Fantasy|Dragons|,12|3|2|2|
743,5412,The Stand: Das letzte Gefecht,1:7473,1227,4:164960,total:583240,1,9,Bastei Lübbe,16,2003,ger,Stephen King,4.34,2:16885,5:325368,3404134117,3:68554,,,,Das letzte Gefecht. The Stand.,Stephen King,2003,LÃ?Â¼bbe,http://images.amazon.com/images/P/3404134117.01.THUMBZZZ.jpg,http://images.amazon.com/images/P/3404134117.01.MZZZZZZZ.jpg,http://images.amazon.com/images/P/3404134117.01.LZZZZZZZ.jpg,Horror|Fiction|Fantasy|Science Fiction|Apocalyptic|Post Apocalyptic|Thriller|Science Fiction|Dystopia|Science Fiction|,"9,789|6,100|2,882|1,770|1,295|1,110|1,033|560|537|482|"
748,5457,Math for Smarty Pants (Brown Paper School Book),1:1,128,4:53,total:155,30,4,"Little, Brown Young Readers",17,1982,,Marilyn Burns,4.25,2:7,5:75,0316117390,3:19,,,,Math for Smarty Pants : A Brown Paper School Book (Brown Paper School Book),Marilyn Burns,1982,"Little, Brown",http://images.amazon.com/images/P/0316117390.01.THUMBZZZ.jpg,http://images.amazon.com/images/P/0316117390.01.MZZZZZZZ.jpg,http://images.amazon.com/images/P/0316117390.01.LZZZZZZZ.jpg,Science|Mathematics|Nonfiction|Education|Childrens|Academic|,18|8|4|4|2|2|
751,5488,The Cairo Trilogy: Palace Walk / Palace of Desire / Sugar Street (The Cairo Trilogy #1-3),1:23,1313,4:1102,total:3800,16,10,Everyman's Library,248,2001,eng,Naguib Mahfouz,4.46,2:55,5:2274,0375413316,3:346,,,,"The Cairo Trilogy: Palace Walk, Palace of Desire, Sugar Street (Everyman's Library)",Sabry Hafez,2001,Unknown Publisher - Being Researched,http://images.amazon.com/images/P/0375413316.01.THUMBZZZ.jpg,http://images.amazon.com/images/P/0375413316.01.MZZZZZZZ.jpg,http://images.amazon.com/images/P/0375413316.01.LZZZZZZZ.jpg,Fiction|Historical|Historical Fiction|Northern Africa|Egypt|Classics|Cultural|Africa|Literature|Novels|,207|82|75|73|63|37|24|13|9|9|
756,5499,Midaq Alley,1:129,286,4:3612,total:8709,1,12,Anchor Books,451,1991,eng,Naguib Mahfouz,3.85,2:462,5:2251,0385264763,3:2255,,,,Midaq Alley,Naguib Mahfouz,1992,Anchor,http://images.amazon.com/images/P/0385264763.01.THUMBZZZ.jpg,http://images.amazon.com/images/P/0385264763.01.MZZZZZZZ.jpg,http://images.amazon.com/images/P/0385264763.01.LZZZZZZZ.jpg,Fiction|Northern Africa|Egypt|Literature|Novels|Cultural|Africa|Classics|Nobel Prize|Historical|,246|95|55|53|53|36|33|32|22|16|
848,6425,"Hard Eight (Stephanie Plum, #8)",1:316,326,4:41598,total:108344,16,6,St. Martin's Press,1885,2003,eng,Janet Evanovich,4.18,2:2111,5:44235,0312983867,3:20084,,,,Hard Eight : A Stephanie Plum Novel (A Stephanie Plum Novel),Janet Evanovich,2003,St. Martin's Paperbacks,http://images.amazon.com/images/P/0312983867.01.THUMBZZZ.jpg,http://images.amazon.com/images/P/0312983867.01.MZZZZZZZ.jpg,http://images.amazon.com/images/P/0312983867.01.LZZZZZZZ.jpg,Mystery|Fiction|Humor|Womens Fiction|Chick Lit|Romance|Mystery|Crime|Humor|Comedy|,"2,089|701|572|448|372|257|173|152|135|121|"
885,6596,The Four Agreements: A Practical Guide to Personal Freedom,1:3921,168,4:52069,total:178191,14,9,Amber-Allen Publishing,7684,2001,,Miguel Ruiz,4.16,2:8789,5:85323,1878424505,3:28089,,,,"The Four Agreements: A Practical Guide to Personal Freedom, A Toltec Wisdom Book",Don Miguel Ruiz,2001,Amber-Allen Publishing,http://images.amazon.com/images/P/1878424505.01.THUMBZZZ.jpg,http://images.amazon.com/images/P/1878424505.01.MZZZZZZZ.jpg,http://images.amazon.com/images/P/1878424505.01.LZZZZZZZ.jpg,Self Help|Nonfiction|Spirituality|Philosophy|Self Help|Personal Development|Psychology|Inspirational|Religion|Audiobook|,"2,769|2,558|1,331|924|628|501|207|159|127|100|"
914,6837,Never Die Easy: The Autobiography of Walter Payton,1:17,288,4:407,total:1256,11,9,Random House Trade Paperbacks,107,2001,,Walter Payton,4.2,2:45,5:591,0375758216,3:196,,,,Never Die Easy : The Autobiography of Walter Payton,WALTER PAYTON,2001,Random House Trade Paperbacks,http://images.amazon.com/images/P/0375758216.01.THUMBZZZ.jpg,http://images.amazon.com/images/P/0375758216.01.MZZZZZZZ.jpg,http://images.amazon.com/images/P/0375758216.01.LZZZZZZZ.jpg,Sports|Sports|Biography|Football|Nonfiction|Autobiography|Memoir|Biography Memoir|Biography|,64|29|15|14|9|4|4|2|2|
931,7030,The Truth about Beauty: Transform Your Looks and Your Life from the Inside Out,1:8,361,4:125,total:347,4,11,Beyond Words Publishing,39,2004,,Kat James,4.02,2:19,5:132,1582701008,3:63,,,,The Truth About Beauty: Transform Your Looks and Your Life from the Inside Out,Kat James,2003,Beyond Words Publishing,http://images.amazon.com/images/P/1582701008.01.THUMBZZZ.jpg,http://images.amazon.com/images/P/1582701008.01.MZZZZZZZ.jpg,http://images.amazon.com/images/P/1582701008.01.LZZZZZZZ.jpg,Health|Nonfiction|Health|Nutrition|Self Help|Womens|,15|14|6|5|3|2|
940,7090,The Soul of a New Machine,1:89,293,4:2539,total:6565,1,6,Back Bay Books,440,2000,eng,Tracy Kidder,4.11,2:249,5:2601,0316491977,3:1087,,,,The Soul Of A New Machine,Tracy Kidder,2000,Back Bay Books,http://images.amazon.com/images/P/0316491977.01.THUMBZZZ.jpg,http://images.amazon.com/images/P/0316491977.01.MZZZZZZZ.jpg,http://images.amazon.com/images/P/0316491977.01.LZZZZZZZ.jpg,Nonfiction|Science|Technology|History|Business|Science|Science|Computer Science|Computer Science|Computers|,374|181|173|140|107|83|69|38|28|23|
953,7186,La Dame aux Camélias,1:376,256,4:11131,total:31172,30,3,Oxford University Press,417,2000,eng,Alexandre Dumas fils,3.99,2:1565,5:11087,0192836382,3:7013,,,,La Dame aux Camelias,Alexandre Dumas,2000,Oxford University Press,http://images.amazon.com/images/P/0192836382.01.THUMBZZZ.jpg,http://images.amazon.com/images/P/0192836382.01.MZZZZZZZ.jpg,http://images.amazon.com/images/P/0192836382.01.LZZZZZZZ.jpg,Classics|Fiction|Romance|Cultural|France|European Literature|French Literature|Literature|19th Century|Historical|,"1,342|411|382|276|197|112|108|95|75|52|"
958,7278,"A Box of Rain: Lyrics, 1965-1993",1:0,384,4:53,total:215,1,11,Penguin Books,12,1993,,Robert Hunter,4.57,2:1,5:143,0140134514,3:18,,,,A Box of Rain,Robert Hunter,1993,Penguin Books,http://images.amazon.com/images/P/0140134514.01.THUMBZZZ.jpg,http://images.amazon.com/images/P/0140134514.01.MZZZZZZZ.jpg,http://images.amazon.com/images/P/0140134514.01.LZZZZZZZ.jpg,Music|Poetry|Reference|Nonfiction|,17|14|3|2|
1014,7712,Plays Unpleasant,1:3,304,4:155,total:344,7,9,Penguin Classics,5,2000,,George Bernard Shaw,3.81,2:13,5:71,0140437932,3:102,,,,Plays Unpleasant: Widowers' Houses/the Philanderer/Mrs Warren's Profession (Bernard Shaw Library),Bernard Shaw,2001,Penguin Books,http://images.amazon.com/images/P/0140437932.01.THUMBZZZ.jpg,http://images.amazon.com/images/P/0140437932.01.MZZZZZZZ.jpg,http://images.amazon.com/images/P/0140437932.01.LZZZZZZZ.jpg,Plays|Drama|Classics|Fiction|Plays|Theatre|Literature|19th Century|Historical|Victorian|,31|20|17|8|5|4|2|2|2|2|
1039,7848,"Moby-Dick; or, The Whale",1:39756,896,4:121248,total:463820,10,10,Modern Library,87,2000,eng,Herman Melville,3.5,2:59245,5:124468,067978327X,3:119103,,,,"Moby-Dick : or, The Whale (Modern Library Paperback Classics)",HERMAN MELVILLE,2000,Modern Library,http://images.amazon.com/images/P/067978327X.01.THUMBZZZ.jpg,http://images.amazon.com/images/P/067978327X.01.MZZZZZZZ.jpg,http://images.amazon.com/images/P/067978327X.01.LZZZZZZZ.jpg,Classics|Fiction|Literature|Adventure|Novels|Historical|Historical Fiction|Literature|American|Literature|,"14,154|6,960|1,410|934|678|664|507|475|454|319|"
1079,8176,The Birthright,1:21,285,4:719,total:2376,1,1,Bethany House Publishers,5,2001,,Janette Oke,4.16,2:98,5:1084,0764222309,3:454,,,,"The Birthright (Song of Acadia, 3)",Janette Oke,2001,Bethany House Publishers,http://images.amazon.com/images/P/0764222309.01.THUMBZZZ.jpg,http://images.amazon.com/images/P/0764222309.01.MZZZZZZZ.jpg,http://images.amazon.com/images/P/0764222309.01.LZZZZZZZ.jpg,Christian Fiction|Historical|Historical Fiction|Christian|Fiction|Historical|Romance|Romance|Christian Romance|Adult Fiction|,83|62|36|32|23|17|11|8|7|6|
1127,8648,"Xenocide (Ender's Saga, #3)",1:2075,592,4:50105,total:134311,15,7,Tor Books,3160,1996,eng,Orson Scott Card,3.79,2:9387,5:35064,0312861877,3:37680,,,,Xenocide : Volume Three of the Ender Quartet (Ender),Orson Scott Card,1996,Tor Books,http://images.amazon.com/images/P/0312861877.01.THUMBZZZ.jpg,http://images.amazon.com/images/P/0312861877.01.MZZZZZZZ.jpg,http://images.amazon.com/images/P/0312861877.01.LZZZZZZZ.jpg,Science Fiction|Fiction|Fantasy|Science Fiction Fantasy|Young Adult|Audiobook|Space|Science Fiction|Aliens|Novels|,"3,781|1,401|445|360|223|124|113|111|90|82|"
1137,8725,Comfort Me with Apples: More Adventures at the Table,1:167,302,4:7917,total:19047,9,4,Random House Trade,955,2002,eng,Ruth Reichl,4.04,2:662,5:6405,0375758739,3:3896,,,,Comfort Me with Apples: More Adventures at the Table,Ruth Reichl,2002,Random House Trade,http://images.amazon.com/images/P/0375758739.01.THUMBZZZ.jpg,http://images.amazon.com/images/P/0375758739.01.MZZZZZZZ.jpg,http://images.amazon.com/images/P/0375758739.01.LZZZZZZZ.jpg,Food and Drink|Food|Autobiography|Memoir|Nonfiction|Food and Drink|Food Writing|Food and Drink|Cooking|Food and Drink|,473|378|320|84|83|77|65|44|35|27|
1138,8737,The Last Temptation of Christ,1:198,506,4:3986,total:11714,1,3,Simon  Schuster,463,1998,eng,Nikos Kazantzakis,4.16,2:459,5:5256,068485256X,3:1815,,,,The LAST TEMPTATION OF CHRIST,Nikos Kazantzakis,1998,Touchstone,http://images.amazon.com/images/P/068485256X.01.THUMBZZZ.jpg,http://images.amazon.com/images/P/068485256X.01.MZZZZZZZ.jpg,http://images.amazon.com/images/P/068485256X.01.LZZZZZZZ.jpg,Fiction|Religion|Classics|Historical|Historical Fiction|Literature|Novels|Cultural|Greece|Religion|,551|192|179|140|120|74|39|36|30|27|
1147,8813,Clockwork Orange,1:17887,235,4:205318,total:570424,1,3,Heyne,7,2000,ger,Anthony Burgess,3.99,2:29793,5:213880,345316413X,3:103546,,,,A Clockwork Orange,Anthony Burgess,2000,Heyne,http://images.amazon.com/images/P/345316413X.01.THUMBZZZ.jpg,http://images.amazon.com/images/P/345316413X.01.MZZZZZZZ.jpg,http://images.amazon.com/images/P/345316413X.01.LZZZZZZZ.jpg,Classics|Fiction|Science Fiction|Science Fiction|Dystopia|Literature|Horror|Novels|Classics|Modern Classics|,"9,240|7,257|2,932|2,319|863|678|658|384|376|347|"
1190,9140,Technical Manual and Dictionary of Classical Ballet,1:4,176,4:116,total:450,1,6,Dover Publications,27,1982,eng,Gail Grant,4.38,2:11,5:262,0486218430,3:57,,,,Technical Manual and Dictionary of Classical Ballet,Gail Grant,1982,Dover Publications,http://images.amazon.com/images/P/0486218430.01.THUMBZZZ.jpg,http://images.amazon.com/images/P/0486218430.01.MZZZZZZZ.jpg,http://images.amazon.com/images/P/0486218430.01.LZZZZZZZ.jpg,Reference|Nonfiction|,16|12|
1198,9263,Stand Still Like the Hummingbird,1:10,196,4:414,total:1097,17,6,New Directions,51,1962,,Henry Miller,4.14,2:50,5:452,0811203220,3:171,,,,Stand Still Like the Hummingbird,Henry Miller,1962,New Directions Publishing Corporation,http://images.amazon.com/images/P/0811203220.01.THUMBZZZ.jpg,http://images.amazon.com/images/P/0811203220.01.MZZZZZZZ.jpg,http://images.amazon.com/images/P/0811203220.01.LZZZZZZZ.jpg,Writing|Essays|Fiction|Classics|Literature|Philosophy|Short Stories|Novels|Literature|American|,28|27|12|10|7|6|3|3|2|2|
1208,9336,Snowboarding to Nirvana,1:11,225,4:57,total:176,1,3,St. Martin's Press,2,1997,,Frederick Lenz,3.7,2:17,5:53,0312152930,3:38,,,,Snowboarding to Nirvana,Frederick Lenz,1997,St. Martin's Press,http://images.amazon.com/images/P/0312152930.01.THUMBZZZ.jpg,http://images.amazon.com/images/P/0312152930.01.MZZZZZZZ.jpg,http://images.amazon.com/images/P/0312152930.01.LZZZZZZZ.jpg,Religion|,2|
1228,9497,"Memory's Embrace (Corbins, #3)",1:6,320,4:177,total:534,1,6,Pocket Books,18,1991,eng,Linda Lael Miller,4.19,2:17,5:243,0671737694,3:91,,,,Memory's Embrace,Linda Lael Miller,1991,Pocket,http://images.amazon.com/images/P/0671737694.01.THUMBZZZ.jpg,http://images.amazon.com/images/P/0671737694.01.MZZZZZZZ.jpg,http://images.amazon.com/images/P/0671737694.01.LZZZZZZZ.jpg,Romance|Historical|Romance|Historical Romance|Westerns|Romance|Western Romance|Historical|Historical Fiction|,22|20|13|10|3|3|3|2|2|
1231,9534,"Shadow of the Hegemon (The Shadow Series, #2)",1:549,451,4:29355,total:69835,9,12,Tor Books,1425,2001,eng,Orson Scott Card,3.95,2:2960,5:20441,0812565959,3:16530,,,,Shadow of the Hegemon (Ender Wiggins Saga (Paperback)),Orson Scott Card,2001,Tor Books,http://images.amazon.com/images/P/0812565959.01.THUMBZZZ.jpg,http://images.amazon.com/images/P/0812565959.01.MZZZZZZZ.jpg,http://images.amazon.com/images/P/0812565959.01.LZZZZZZZ.jpg,Science Fiction|Fiction|Science Fiction Fantasy|Fantasy|Young Adult|Audiobook|Adventure|Novels|Space|War|,"1,911|814|220|199|169|74|52|43|40|36|"
1245,9595,"Slapstick, or Lonesome No More!",1:364,288,4:13724,total:34537,11,5,Dial Press,1074,1999,eng,Kurt Vonnegut Jr.,3.87,2:1908,5:9432,0385334230,3:9109,,,,Slapstick : Or Lonesome No More!,KURT VONNEGUT,1999,Delta,http://images.amazon.com/images/P/0385334230.01.THUMBZZZ.jpg,http://images.amazon.com/images/P/0385334230.01.MZZZZZZZ.jpg,http://images.amazon.com/images/P/0385334230.01.LZZZZZZZ.jpg,Fiction|Science Fiction|Classics|Humor|Literature|Novels|Literature|American|Science Fiction|Dystopia|,872|256|173|155|91|80|61|50|37|33|
1254,9677,Fanny: Being the True History of the Adventures of Fanny Hackabout-Jones,1:37,512,4:376,total:1134,17,5,W. W. Norton  Company,72,2003,eng,Erica Jong,3.78,2:92,5:340,0393324354,3:289,,,,Fanny: Being the True History of the Adventures of Fanny Hackabout-Jones,Erica Jong,2003,W.W. Norton &amp; Company,http://images.amazon.com/images/P/0393324354.01.THUMBZZZ.jpg,http://images.amazon.com/images/P/0393324354.01.MZZZZZZZ.jpg,http://images.amazon.com/images/P/0393324354.01.LZZZZZZZ.jpg,Fiction|Historical|Historical Fiction|Adult Fiction|Erotica|Historical|Romance|Novels|Adult|Feminism|,48|45|15|11|10|6|4|4|3|3|
1258,9712,Love in the Time of Cholera,1:12969,348,4:132217,total:388098,5,10,Vintage International,13319,2003,eng,Gabriel García Márquez,3.92,2:27595,5:138292,140003468X,3:77025,,,,Love in the Time of Cholera,GABRIEL GARCIA MARQUEZ,2003,Vintage,http://images.amazon.com/images/P/140003468X.01.THUMBZZZ.jpg,http://images.amazon.com/images/P/140003468X.01.MZZZZZZZ.jpg,http://images.amazon.com/images/P/140003468X.01.LZZZZZZZ.jpg,Fiction|Classics|Historical|Historical Fiction|Romance|Magical Realism|Literature|Novels|European Literature|Spanish Literature|,"6,529|4,553|1,624|1,414|1,198|825|672|394|376|339|"
1285,9913,Glamorama,1:1205,546,4:6026,total:20212,21,3,Vintage,673,2000,eng,Bret Easton Ellis,3.46,2:2792,5:4214,0375703845,3:5975,,,,Glamorama (Vintage Contemporaries (Paperback)),Bret Easton Ellis,2000,Vintage Books USA,http://images.amazon.com/images/P/0375703845.01.THUMBZZZ.jpg,http://images.amazon.com/images/P/0375703845.01.MZZZZZZZ.jpg,http://images.amazon.com/images/P/0375703845.01.LZZZZZZZ.jpg,Fiction|Contemporary|Thriller|Novels|Literature|American|Horror|Literature|The United States Of America|Literary Fiction|,528|83|44|42|39|36|31|28|27|15|
1293,10049,Die Stadt der Blinden,1:3713,399,4:65133,total:183734,30,4,Rowohlt Taschenbuch Verlag,44,1999,ger,José Saramago,4.12,2:8546,5:78402,3499224674,3:27940,,,,Die Stadt der Blinden.,Jose Saramago,1999,Rowohlt Tb.,http://images.amazon.com/images/P/3499224674.01.THUMBZZZ.jpg,http://images.amazon.com/images/P/3499224674.01.MZZZZZZZ.jpg,http://images.amazon.com/images/P/3499224674.01.LZZZZZZZ.jpg,Fiction|Science Fiction|Dystopia|Science Fiction|Classics|Novels|Literature|Cultural|Portugal|Horror|,"4,144|988|921|729|527|495|417|382|322|242|"
1294,10050,Youth in Revolt: The Journals of Nick Twisp,1:221,512,4:3091,total:9123,1,1,Broadway Books,795,2001,eng,C.D. Payne,4.02,2:475,5:3573,0385481969,3:1763,,,,Youth in Revolt,C.D. PAYNE,1996,Main Street Books,http://images.amazon.com/images/P/0385481969.01.THUMBZZZ.jpg,http://images.amazon.com/images/P/0385481969.01.MZZZZZZZ.jpg,http://images.amazon.com/images/P/0385481969.01.LZZZZZZZ.jpg,Fiction|Young Adult|Humor|Young Adult|Coming Of Age|Humor|Comedy|Contemporary|Romance|Novels|,201|130|89|32|19|18|12|11|8|8|
1298,10089,"Mary, Queen of Scots: Queen Without a Country",1:40,202,4:1709,total:4991,1,5,Scholastic,149,2002,eng,Kathryn Lasky,3.83,2:272,5:1385,0439194040,3:1585,,,,"Mary, Queen of Scots: Queen Without a Country, France, 1553 (The Royal Diaries)",Kathryn Lasky,2002,Scholastic,http://images.amazon.com/images/P/0439194040.01.THUMBZZZ.jpg,http://images.amazon.com/images/P/0439194040.01.MZZZZZZZ.jpg,http://images.amazon.com/images/P/0439194040.01.LZZZZZZZ.jpg,Historical|Historical Fiction|Young Adult|Historical|Fiction|Childrens|Childrens|Middle Grade|Diary|Cultural|,519|117|90|61|58|56|25|17|16|13|
1300,10096,"Mary, Queen of Scots: Pride, Passion and a Kingdom Lost",1:2,224,4:45,total:88,4,5,Tauris Parke Paperbacks,7,2001,eng,Jenny Wormald,3.7,2:5,5:13,1860645887,3:23,,,,"Mary, Queen of Scots: Pride, Passion and a Kingdom Lost",Jenny Wormald,2001,I.B. Tauris,http://images.amazon.com/images/P/1860645887.01.THUMBZZZ.jpg,http://images.amazon.com/images/P/1860645887.01.MZZZZZZZ.jpg,http://images.amazon.com/images/P/1860645887.01.LZZZZZZZ.jpg,History|Nonfiction|Biography|Cultural|Scotland|Historical|,20|17|7|3|3|2|
1319,10217,Death in Kashmir,1:19,256,4:702,total:1717,1,12,St. Martins Press-3PL,106,2000,eng,M.M. Kaye,3.96,2:56,5:517,0312263104,3:423,,,,Death in Kashmir: A Mystery,M. M. Kaye,2000,St. Martin's Minotaur,http://images.amazon.com/images/P/0312263104.01.THUMBZZZ.jpg,http://images.amazon.com/images/P/0312263104.01.MZZZZZZZ.jpg,http://images.amazon.com/images/P/0312263104.01.LZZZZZZZ.jpg,Mystery|Cultural|India|Historical|Historical Fiction|Fiction|Romance|Historical|Romance|Romantic Suspense|,168|33|32|25|19|14|14|12|10|9|
1374,10656,Next: The Future Just Happened,1:18,240,4:628,total:1581,17,5,W. W. Norton  Company,106,2002,en-US,Michael   Lewis,3.68,2:91,5:285,0393323528,3:559,,,,Next: The Future Just Happened,Michael Lewis,2002,W. W. Norton &amp; Company,http://images.amazon.com/images/P/0393323528.01.THUMBZZZ.jpg,http://images.amazon.com/images/P/0393323528.01.MZZZZZZZ.jpg,http://images.amazon.com/images/P/0393323528.01.LZZZZZZZ.jpg,Nonfiction|Business|Science|Technology|Computers|Internet|Economics|Computer Science|Computers|Audiobook|,62|42|10|9|9|8|8|5|5|4|
1394,10801,The Big Rock Candy Mountain,1:69,563,4:2660,total:6753,1,3,Penguin,672,1991,eng,Wallace Stegner,4.15,2:220,5:2741,0140139397,3:1063,,,,The Big Rock Candy Mountain (Contemporary American Fiction),Wallace Stegner,1995,Penguin Books,http://images.amazon.com/images/P/0140139397.01.THUMBZZZ.jpg,http://images.amazon.com/images/P/0140139397.01.MZZZZZZZ.jpg,http://images.amazon.com/images/P/0140139397.01.LZZZZZZZ.jpg,Fiction|Historical|Historical Fiction|Classics|Literary Fiction|Literature|Westerns|Audiobook|Literature|American|,323|97|62|25|25|24|17|17|17|14|
1411,10890,Traveling Mercies: Some Thoughts on Faith,1:521,275,4:15301,total:41458,15,2,Anchor,2309,2000,eng,Anne Lamott,4.16,2:1465,5:17612,0385496095,3:6559,,,,Traveling Mercies: Some Thoughts on Faith,Anne Lamott,2000,Anchor Books/Doubleday,http://images.amazon.com/images/P/0385496095.01.THUMBZZZ.jpg,http://images.amazon.com/images/P/0385496095.01.MZZZZZZZ.jpg,http://images.amazon.com/images/P/0385496095.01.LZZZZZZZ.jpg,Nonfiction|Autobiography|Memoir|Spirituality|Religion|Religion|Faith|Christian|Writing|Essays|,655|530|366|339|211|163|133|103|70|59|
1420,10972,"Omega Path (Outlanders, #4)",1:1,352,4:27,total:89,23,1,Gold Eagle,2,1998,en-US,James Axler,3.87,2:8,5:30,0373638175,3:23,,,,"Omega Path (Outlanders #4) (Outlanders , No 360)",James Axler,1998,Gold Eagle,http://images.amazon.com/images/P/0373638175.01.THUMBZZZ.jpg,http://images.amazon.com/images/P/0373638175.01.MZZZZZZZ.jpg,http://images.amazon.com/images/P/0373638175.01.LZZZZZZZ.jpg,Science Fiction|Apocalyptic|,3|3|
